City_ID,City,Country,Lat,Lng,Max Temp,Humidity,Cloudiness,Wind Speed,Current Description
0,Omboue,GA,-1.5746,9.2618,70.34,89,50,7.31,scattered clouds
1,New Norfolk,AU,-42.7826,147.0587,52.88,77,5,4.0,clear sky
2,Aswan,EG,24.0934,32.907,87.4,21,8,8.95,clear sky
3,Tasiilaq,GL,65.6145,-37.6368,39.36,80,100,2.15,overcast clouds
4,Ribeira Grande,PT,38.5167,-28.7,66.49,81,100,14.0,overcast clouds
5,Qaanaaq,GL,77.484,-69.3632,39.76,95,100,1.3,overcast clouds
6,Iqaluit,CA,63.7506,-68.5145,40.73,93,75,5.99,broken clouds
7,Kapaa,US,22.0752,-159.319,84.18,70,20,14.97,few clouds
8,Henties Bay,NA,-22.116,14.2845,57.4,75,0,7.65,clear sky
9,Barrow,US,71.2906,-156.7887,55.42,76,40,10.36,scattered clouds
10,Porto Novo,BJ,6.4965,2.6036,78.62,92,39,5.66,light rain
11,Georgetown,MY,5.4112,100.3354,82.89,85,20,0.0,few clouds
12,Cidreira,BR,-30.1811,-50.2056,63.86,91,100,4.79,overcast clouds
13,Albany,US,42.6001,-73.9662,74.05,71,56,3.47,broken clouds
14,Husavik,IS,66.0449,-17.3389,54.48,81,100,8.16,light rain
15,Warwick,US,41.7001,-71.4162,77.29,64,82,5.35,broken clouds
16,Hilo,US,19.7297,-155.09,86.29,58,0,9.22,clear sky
17,Ushuaia,AR,-54.8,-68.3,28.06,74,0,4.61,clear sky
18,Avarua,CK,-21.2078,-159.775,75.25,57,20,8.05,few clouds
19,Mataura,NZ,-46.1927,168.8643,46.47,68,100,3.33,overcast clouds
20,Mar Del Plata,AR,-38.0023,-57.5575,50.02,96,100,6.91,drizzle
21,Labuhan,ID,-6.8844,112.2051,78.21,80,73,9.1,broken clouds
22,Geraldton,AU,-28.7667,114.6,52.21,93,0,11.5,clear sky
23,Bandarbeyla,SO,9.4942,50.8122,77.99,69,75,35.08,broken clouds
24,Nemuro,JP,43.3236,145.575,56.32,92,78,7.16,broken clouds
25,Ambovombe,MG,-25.1667,46.0833,63.88,73,0,3.27,clear sky
26,Gondanglegi,ID,-7.7479,112.0132,77.65,75,44,11.61,scattered clouds
27,Doha,QA,25.2867,51.5333,94.98,57,0,5.75,clear sky
28,Busselton,AU,-33.65,115.3333,50.77,86,100,13.18,overcast clouds
29,Ewa Beach,US,21.3156,-158.0072,83.43,58,75,20.71,broken clouds
30,Cape Town,ZA,-33.9258,18.4232,57.38,75,20,8.05,few clouds
31,Katherine,AU,-14.4667,132.2667,64.72,45,46,9.22,scattered clouds
32,Bengkulu,ID,-3.8004,102.2655,79.56,79,44,5.28,scattered clouds
33,Mount Isa,AU,-20.7333,139.5,58.77,55,0,10.36,clear sky
34,Chuy,UY,-33.6971,-53.4616,59.85,97,100,11.59,overcast clouds
35,Lavra,PT,41.2594,-8.7185,76.12,73,0,0.0,clear sky
36,Jamestown,US,42.097,-79.2353,71.24,73,75,8.05,broken clouds
37,Yaan,NG,7.3833,8.5667,74.17,85,97,3.47,light rain
38,Rikitea,PF,-23.1203,-134.9692,74.75,73,21,18.28,few clouds
39,Moshkovo,RU,55.3053,83.6104,59.31,91,100,3.06,overcast clouds
40,Pevek,RU,69.7008,170.3133,33.58,87,37,13.96,scattered clouds
41,San Rafael,AR,-34.6177,-68.3301,44.24,48,0,7.63,clear sky
42,Krivosheino,RU,57.3431,83.9261,60.21,88,97,6.22,overcast clouds
43,Sao Miguel Do Tapuio,BR,-5.5036,-41.3233,74.16,53,3,5.91,clear sky
44,Punta Arenas,CL,-53.15,-70.9167,28.51,93,0,9.22,clear sky
45,Sao Joao Da Barra,BR,-21.6403,-41.0511,71.31,85,0,18.25,clear sky
46,Saint George,US,37.1041,-113.5841,100.63,11,0,16.11,clear sky
47,Dikson,RU,73.5069,80.5464,33.1,87,13,4.21,few clouds
48,Puerto Ayora,EC,-0.7393,-90.3518,68.56,97,56,4.0,broken clouds
49,Atuona,PF,-9.8,-139.0333,77.67,80,25,24.25,scattered clouds
50,Say,NE,13.1007,2.3689,90.16,48,98,10.27,overcast clouds
51,Mantua,IT,45.1667,10.7833,76.24,79,0,1.99,clear sky
52,Jarvenpaa,FI,60.4737,25.0899,58.77,85,20,4.61,few clouds
53,Pangody,RU,65.85,74.4859,56.34,71,100,3.71,overcast clouds
54,Vaini,TO,-21.2,-175.2,77.16,69,40,10.36,scattered clouds
55,Kishi,NG,9.0833,3.85,71.56,89,51,3.71,broken clouds
56,Malim,PH,7.452,123.4312,81.72,77,91,6.55,light rain
57,Shingu,JP,33.7333,135.9833,80.35,77,63,5.32,broken clouds
58,Sembe,CG,1.6481,14.5806,70.83,83,88,1.97,overcast clouds
59,Hobart,AU,-42.8794,147.3294,53.22,73,5,1.01,clear sky
60,Kargasok,RU,59.0556,80.8572,60.57,66,48,7.52,scattered clouds
61,Bowen,AU,-20.0167,148.2333,66.06,54,0,9.53,clear sky
62,Karaton,ID,-6.3424,106.1045,78.3,82,27,1.1,scattered clouds
63,Yellowknife,CA,62.456,-114.3525,75.56,35,40,11.99,scattered clouds
64,Sinnamary,GF,5.3833,-52.95,77.23,81,100,8.72,overcast clouds
65,Saskylakh,RU,71.9167,114.0833,61.07,42,88,8.63,overcast clouds
66,Vanimo,PG,-2.6741,141.3028,85.33,66,82,4.52,broken clouds
67,Tuktoyaktuk,CA,69.4541,-133.0374,68.0,60,40,11.5,scattered clouds
68,Nalut,LY,30.3333,10.85,84.76,16,0,8.93,clear sky
69,Lebu,CL,-37.6167,-73.65,46.9,76,74,4.9,broken clouds
70,Mount Gambier,AU,-37.8333,140.7667,54.23,61,45,10.56,scattered clouds
71,Ilulissat,GL,69.2167,-51.1,42.82,87,75,3.44,broken clouds
72,Opole,PL,50.5,18.0,51.89,71,66,3.15,broken clouds
73,Kiruna,SE,67.8557,20.2251,45.52,93,100,2.3,overcast clouds
74,Hamilton,US,39.1834,-84.5333,78.44,94,0,4.61,clear sky
75,Nome,US,64.5011,-165.4064,62.17,63,100,8.05,overcast clouds
76,Boa Vista,BR,2.8197,-60.6733,82.38,69,40,5.75,moderate rain
77,Petukhovo,RU,55.0692,67.9019,54.61,94,100,4.9,overcast clouds
78,Touros,BR,-5.1989,-35.4608,74.34,93,56,11.14,moderate rain
79,The Valley,AI,18.217,-63.0578,82.26,79,7,18.77,clear sky
80,Castro,BR,-24.7911,-50.0119,55.4,71,100,3.51,overcast clouds
81,Mayo,US,38.8876,-76.5119,85.08,81,0,0.0,light rain
82,Yaring,TH,6.8662,101.3689,81.03,75,100,7.78,overcast clouds
83,Slave Lake,CA,55.2834,-114.769,66.18,68,100,8.05,overcast clouds
84,Port Alfred,ZA,-33.5906,26.891,59.2,78,0,8.19,clear sky
85,Riyadh,SA,24.6877,46.7219,87.94,15,100,10.69,overcast clouds
86,Lata,PT,40.1629,-8.3327,69.08,72,0,3.83,clear sky
87,Arraial Do Cabo,BR,-22.9661,-42.0278,70.23,86,0,23.96,clear sky
88,Kuching,MY,1.55,110.3333,77.22,94,20,0.0,few clouds
89,Cabo San Lucas,MX,22.8909,-109.9124,97.9,33,0,11.5,clear sky
90,Smithers,CA,54.7804,-127.1743,62.92,82,100,3.44,overcast clouds
91,Avera,US,33.194,-82.5271,82.45,78,12,7.25,few clouds
92,Cherskiy,RU,68.75,161.3,54.88,50,100,5.61,overcast clouds
93,Kaitangata,NZ,-46.2817,169.8464,47.73,66,100,1.79,overcast clouds
94,Vila Franca Do Campo,PT,37.7167,-25.4333,69.19,76,52,7.45,broken clouds
95,Saint-Pierre,RE,-21.3393,55.4781,68.92,64,100,5.75,overcast clouds
96,Kodiak,US,57.79,-152.4072,58.51,82,100,8.05,light rain
97,Waipawa,NZ,-41.4122,175.5153,50.79,49,100,2.98,overcast clouds
98,Kalmunai,LK,7.4167,81.8167,81.07,74,100,3.15,overcast clouds
99,Jiuquan,CN,39.7432,98.5174,72.07,24,8,10.42,clear sky
100,Severo-Kurilsk,RU,50.6789,156.125,55.08,68,100,10.07,overcast clouds
101,Kavaratti,IN,10.5669,72.642,81.43,83,100,18.52,light rain
102,Sunndalsora,NO,62.6754,8.5515,50.59,98,100,5.59,overcast clouds
103,Leshukonskoye,RU,64.8989,45.7622,59.61,77,21,4.03,few clouds
104,Vanavara,RU,60.34,102.2797,68.49,55,5,3.83,clear sky
105,Banepa,NP,27.6298,85.5214,70.12,94,75,2.3,broken clouds
106,Hermanus,ZA,-34.4187,19.2345,52.63,73,11,7.99,few clouds
107,Half Moon Bay,US,37.4636,-122.4286,77.59,71,40,20.71,scattered clouds
108,Petropavlovsk-Kamchatskiy,RU,53.0452,158.6483,68.59,56,75,6.71,broken clouds
109,Vardo,NO,70.3705,31.1107,49.98,87,75,8.05,broken clouds
110,Hualmay,PE,-11.0964,-77.6139,61.79,81,73,5.77,broken clouds
111,Lagoa,PT,39.05,-27.9833,64.96,79,89,11.16,overcast clouds
112,Torbay,CA,47.6666,-52.7314,62.28,80,100,14.97,overcast clouds
113,Bozeman,US,45.6796,-111.0386,85.42,25,0,14.97,clear sky
114,Esperance,AU,-33.8667,121.9,55.38,86,85,13.33,overcast clouds
115,Dubai,AE,25.2582,55.3047,93.49,55,0,10.36,clear sky
116,Lavrentiya,RU,65.5833,-171.0,49.86,84,100,5.64,overcast clouds
117,Hithadhoo,MV,-0.6,73.0833,82.09,76,38,9.51,scattered clouds
118,Xuddur,SO,4.1213,43.8894,71.15,76,100,18.03,overcast clouds
119,Bluff,NZ,-46.6,168.3333,46.8,74,100,4.36,overcast clouds
120,Eston,CA,51.1501,-108.7514,73.92,54,11,12.59,few clouds
121,Catabola,AO,-12.15,17.2833,52.99,49,88,3.74,overcast clouds
122,Darhan,MN,49.4867,105.9228,63.16,77,100,6.38,moderate rain
123,Shimoda,JP,34.6667,138.95,76.1,84,100,7.31,overcast clouds
124,Tiksi,RU,71.6872,128.8694,41.7,74,100,3.96,overcast clouds
125,Port Blair,IN,11.6667,92.75,82.56,80,100,12.62,light rain
126,Bethel,US,41.3712,-73.414,80.47,74,44,4.52,scattered clouds
127,Gazanjyk,TM,39.2446,55.5154,67.8,39,0,3.56,clear sky
128,Oum Hadjer,TD,13.2954,19.6966,85.77,48,46,13.02,scattered clouds
129,Dunedin,NZ,-45.8742,170.5036,48.79,65,100,1.99,overcast clouds
130,La Ronge,CA,55.1001,-105.2842,70.05,40,20,6.91,few clouds
131,Te Anau,NZ,-45.4167,167.7167,40.15,83,100,1.19,overcast clouds
132,Lompoc,US,34.6391,-120.4579,81.01,71,0,18.01,clear sky
133,Kiomboi,TZ,-4.2667,34.3667,57.25,64,7,5.12,clear sky
134,Berdigestyakh,RU,62.0989,126.6992,61.16,85,100,9.66,overcast clouds
135,Clyde River,CA,70.4692,-68.5914,48.43,71,0,3.44,clear sky
136,Novopokrovka,UA,49.8425,36.5477,67.77,44,0,7.61,clear sky
137,Butaritari,KI,3.0707,172.7902,82.54,76,98,21.61,overcast clouds
138,Katsuura,JP,35.1333,140.3,77.02,80,100,14.05,overcast clouds
139,Batagay-Alyta,RU,67.8006,130.4114,58.93,61,100,2.3,overcast clouds
140,Pushkino,RU,56.0172,37.8667,68.29,95,100,5.39,overcast clouds
141,Upington,ZA,-28.4478,21.2561,37.78,81,0,5.75,clear sky
142,Inhambane,MZ,-23.865,35.3833,62.85,76,0,2.8,clear sky
143,Havelock,US,34.8791,-76.9013,86.95,88,100,8.99,overcast clouds
144,Bredasdorp,ZA,-34.5322,20.0403,46.51,82,24,4.99,few clouds
145,Denpasar,ID,-8.65,115.2167,78.46,83,20,10.36,few clouds
146,Brikama,GM,13.2714,-16.6494,80.64,83,40,5.75,scattered clouds
147,Batagay,RU,67.6333,134.6333,50.09,91,100,1.34,overcast clouds
148,Sindgi,IN,16.9167,76.2333,74.19,84,100,15.61,overcast clouds
149,Hargeysa,SO,9.56,44.065,66.9,65,4,30.56,clear sky
150,Khatanga,RU,71.9667,102.5,44.19,88,100,15.39,light rain
151,Qasigiannguit,GL,68.8193,-51.1922,43.05,88,100,3.09,overcast clouds
152,Bennington,US,42.8781,-73.1968,72.09,69,0,0.0,clear sky
153,Zhangye,CN,38.9342,100.4517,75.36,25,0,16.26,clear sky
154,Norman Wells,CA,65.282,-126.8329,86.04,28,40,6.91,smoke
155,Suifenhe,CN,44.4,131.1667,67.57,89,100,6.24,overcast clouds
156,Pacific Grove,US,36.6177,-121.9166,76.01,79,20,12.66,few clouds
157,Northam,GB,51.0333,-4.2167,63.39,93,85,13.89,overcast clouds
158,Marsh Harbour,BS,26.5412,-77.0636,82.13,72,42,11.48,scattered clouds
159,Manggar,ID,-2.8833,108.2667,82.98,72,8,4.12,clear sky
160,San Patricio,US,28.017,-97.5169,90.54,64,2,14.54,clear sky
161,Burnsville,US,44.7677,-93.2777,80.38,68,40,5.75,scattered clouds
162,Krasnoarmeysk,RU,51.0239,45.6969,59.18,66,0,4.23,clear sky
163,Guerrero Negro,MX,27.9769,-114.0611,70.41,75,0,18.21,clear sky
164,Carnarvon,AU,-24.8667,113.6333,63.77,28,0,11.12,clear sky
165,Nikolskoye,RU,59.7035,30.7861,61.81,91,100,3.24,light rain
166,Haines Junction,CA,60.7522,-137.5108,79.12,31,19,9.55,few clouds
167,Lorengau,PG,-2.0226,147.2712,83.93,74,100,9.55,overcast clouds
168,Flinders,AU,-34.5833,150.8552,61.18,81,93,3.0,overcast clouds
169,Ola,RU,59.5833,151.2833,75.15,80,16,5.97,few clouds
170,Saint-Philippe,RE,-21.3585,55.7679,66.22,73,57,10.58,broken clouds
171,Bestobe,KZ,52.4994,73.0975,59.47,75,100,5.68,overcast clouds
172,Sturgeon Falls,CA,46.3646,-79.9326,67.96,62,0,7.23,clear sky
173,Guelph,CA,43.5501,-80.2497,69.66,66,0,6.91,clear sky
174,Tiznit,MA,29.5833,-9.5,77.94,39,2,2.06,clear sky
175,Tivaouane,SN,14.9515,-16.8129,80.94,79,36,13.06,scattered clouds
176,Caucaia,BR,-3.7361,-38.6531,78.04,82,75,4.61,broken clouds
177,Novikovo,RU,51.1537,37.8879,65.66,60,12,5.91,few clouds
178,Charters Towers,AU,-20.1,146.2667,62.91,51,0,8.55,clear sky
179,Pangnirtung,CA,66.1451,-65.7125,45.39,77,89,3.65,overcast clouds
180,Sitka,US,57.0531,-135.33,60.69,77,100,4.61,overcast clouds
181,Hovd,MN,48.0056,91.6419,63.0,34,0,3.76,clear sky
182,Tooele,US,40.5308,-112.2983,93.24,17,0,11.5,clear sky
183,Miraflores,MX,19.2167,-98.8083,68.65,72,78,3.98,broken clouds
184,Rawson,AR,-43.3002,-65.1023,44.71,56,98,26.96,overcast clouds
185,Garcia,MX,25.8167,-100.5833,96.17,38,100,16.96,overcast clouds
186,Saint Anthony,US,45.0205,-93.218,80.53,66,40,5.75,scattered clouds
187,Wattegama,LK,6.7989,81.4808,77.99,75,100,1.72,overcast clouds
188,Santa Isabel Do Rio Negro,BR,-0.4139,-65.0192,74.53,90,13,3.09,few clouds
189,Upernavik,GL,72.7868,-56.1549,40.6,81,8,2.93,clear sky
190,Vila Velha,BR,-20.3297,-40.2925,70.95,86,20,2.3,few clouds
191,Souillac,MU,-20.5167,57.5167,70.18,60,75,11.5,broken clouds
192,Sur,OM,22.5667,59.5289,80.67,93,100,14.27,heavy intensity rain
193,Bemidji,US,47.4736,-94.8803,77.09,67,0,6.91,clear sky
194,Same,TZ,-4.0667,37.7333,62.15,87,93,6.24,overcast clouds
195,Aklavik,CA,68.2191,-135.0107,87.46,27,2,7.61,clear sky
196,Eydhafushi,MV,5.1033,73.0708,82.99,77,100,15.77,heavy intensity rain
197,Marawi,PH,7.9986,124.2928,78.93,69,45,6.17,scattered clouds
198,Merauke,ID,-8.4667,140.3333,80.4,81,99,13.85,overcast clouds
199,Coihaique,CL,-45.5752,-72.0662,30.15,93,40,3.44,scattered clouds
200,Kaeo,NZ,-35.1,173.7833,62.33,97,100,10.13,light rain
201,North Battleford,CA,52.7834,-108.2847,69.4,60,40,9.22,scattered clouds
202,Saldanha,ZA,-33.0117,17.9442,42.85,85,1,10.78,clear sky
203,Leningradskiy,RU,69.3833,178.4167,35.11,92,100,13.29,light snow
204,Hami,CN,42.8,93.45,79.47,24,0,13.87,clear sky
205,Faanui,PF,-16.4833,-151.75,79.38,65,10,8.93,clear sky
206,Margate,GB,51.3813,1.3862,65.7,73,71,7.0,broken clouds
207,Gat,IL,31.61,34.7642,74.08,100,0,3.6,clear sky
208,Bar Harbor,US,44.3876,-68.2039,66.24,60,28,5.99,scattered clouds
209,Saint-Augustin,CA,51.226,-58.6502,57.85,62,100,3.44,overcast clouds
210,Moroni,KM,-11.7022,43.2551,72.84,68,0,5.41,clear sky
211,East London,ZA,-33.0153,27.9116,58.87,77,0,7.74,clear sky
212,Torata,PE,-17.0769,-70.8433,59.04,30,92,1.97,overcast clouds
213,Richards Bay,ZA,-28.783,32.0377,61.63,90,0,3.4,clear sky
214,Thinadhoo,MV,0.5333,72.9333,82.38,77,92,8.48,light rain
215,Pak Phanang,TH,8.3511,100.202,80.62,79,100,8.88,overcast clouds
216,Nkhotakota,MW,-12.9274,34.2961,65.01,66,37,6.29,scattered clouds
217,Fethiye,TR,36.6217,29.1164,69.67,42,0,3.29,clear sky
218,Requena,ES,39.4883,-1.1004,63.79,90,1,2.24,clear sky
219,Sao Filipe,CV,14.8961,-24.4956,74.97,85,90,9.71,overcast clouds
220,Humberto De Campos,BR,-2.5983,-43.4611,75.72,88,100,3.4,overcast clouds
221,Ayan,RU,56.45,138.1667,60.15,89,73,5.68,broken clouds
222,Warrington,GB,53.3925,-2.5802,61.27,89,100,12.66,overcast clouds
223,Pedernales,DO,18.0384,-71.744,80.74,74,63,8.25,broken clouds
224,Sioux Lookout,CA,50.1001,-91.917,73.47,49,75,6.91,broken clouds
225,Alghero,IT,40.5589,8.3181,69.89,88,0,2.3,clear sky
226,Havoysund,NO,70.9963,24.6622,50.23,91,100,2.89,light rain
227,Russell,US,32.3502,-85.1999,90.68,62,0,0.0,clear sky
228,Kawalu,ID,-7.3817,108.2082,73.72,92,99,1.01,overcast clouds
229,Nioki,CD,-2.7167,17.6833,75.85,45,99,2.89,overcast clouds
230,Ixtapa,MX,20.7,-105.2,84.22,83,100,8.05,overcast clouds
231,Balatonfured,HU,46.9619,17.8719,66.34,54,2,3.0,clear sky
232,Kloulklubed,PW,7.0419,134.2556,75.7,71,96,7.34,light rain
233,Karratha,AU,-20.7377,116.8463,63.43,21,5,17.18,clear sky
234,Ponta Do Sol,PT,32.6667,-17.1,70.0,64,0,3.85,clear sky
235,Ottumwa,US,41.02,-92.4113,78.12,93,100,3.44,overcast clouds
236,Kruisfontein,ZA,-34.0033,24.7314,53.73,59,0,7.38,clear sky
237,Cockburn Town,TC,21.4612,-71.1419,81.97,79,0,21.94,clear sky
238,Whithorn,JM,18.2604,-78.0378,81.66,87,20,1.52,few clouds
239,Ketchikan,US,55.3422,-131.6461,72.07,43,40,10.36,scattered clouds
240,Bilibino,RU,68.0546,166.4372,50.97,73,100,5.68,overcast clouds
241,Goderich,CA,43.7501,-81.7165,68.32,77,10,9.22,clear sky
242,Viedma,AR,-40.8135,-62.9967,48.87,45,4,21.23,clear sky
243,Nedjo,ET,9.5046,35.5019,58.39,94,100,1.66,overcast clouds
244,Klaksvik,FO,62.2266,-6.589,47.32,86,100,12.1,overcast clouds
245,Shulan,CN,44.4167,126.95,70.0,99,100,5.97,heavy intensity rain
246,Terra Santa,BR,-2.1042,-56.4869,75.02,89,10,1.45,clear sky
247,Elizabeth City,US,36.2946,-76.2511,87.82,76,0,5.75,light rain
248,Victoria,HK,22.2855,114.1577,86.05,87,96,5.99,moderate rain
249,Verkhnyaya Inta,RU,65.9811,60.3094,66.15,58,16,6.44,few clouds
250,Yarensk,RU,62.1675,49.0916,65.43,69,95,2.37,overcast clouds
251,Villazon,BO,-22.0866,-65.5942,46.36,31,1,9.75,clear sky
252,Tromso,NO,69.6496,18.957,51.82,82,75,13.8,broken clouds
253,Maridi,SS,4.9158,29.4742,67.15,84,51,4.83,broken clouds
254,Yurginskoye,RU,56.8189,67.3921,57.54,97,83,6.15,broken clouds
255,Mahon,ES,39.8885,4.2658,73.96,78,0,12.66,clear sky
256,Veraval,IN,20.9,70.3667,82.38,86,100,22.24,overcast clouds
257,Zhoucheng,CN,35.9122,116.3117,81.64,68,1,3.56,clear sky
258,Hasaki,JP,35.7333,140.8333,77.29,85,14,18.12,few clouds
259,Ancud,CL,-41.8697,-73.8203,41.23,78,100,14.05,light rain
260,Catamarca,AR,-28.4696,-65.7852,60.78,49,10,1.99,clear sky
261,Praia Da Vitoria,PT,38.7333,-27.0667,66.76,82,75,5.95,broken clouds
262,Loa Janan,ID,-0.583,117.095,79.34,82,100,3.56,overcast clouds
263,Ambilobe,MG,-13.2,49.05,61.68,86,0,4.5,clear sky
264,Padang,ID,-0.9492,100.3543,77.05,69,68,2.26,broken clouds
265,Kieta,PG,-6.2167,155.6333,86.27,62,100,7.56,overcast clouds
266,Nakamura,JP,32.9833,132.9333,85.41,71,100,2.39,overcast clouds
267,Kahului,US,20.8947,-156.47,86.02,55,20,23.02,few clouds
268,Bayburt,TR,40.2589,40.2278,56.08,49,0,3.47,clear sky
269,Potam,MX,27.6,-110.3833,91.06,47,0,7.96,clear sky
270,Palmerston,AU,-12.486,130.9833,73.38,43,0,14.97,clear sky
271,Harrisburg,US,40.2737,-76.8844,81.14,69,75,4.61,broken clouds
272,Caravelas,BR,-17.7125,-39.2481,70.52,84,54,4.12,broken clouds
273,Baykit,RU,61.67,96.37,59.09,93,100,2.84,light rain
274,Filingue,NE,14.3521,3.3168,91.94,39,72,10.87,broken clouds
275,Hurghada,EG,27.2574,33.8129,86.04,16,0,10.36,clear sky
276,Luderitz,NA,-26.6481,15.1594,55.02,61,0,7.31,clear sky
277,Kasongo-Lunda,CD,-6.4667,16.8167,65.95,38,30,1.12,scattered clouds
278,Vao,NC,-22.6667,167.4833,75.7,77,100,14.5,overcast clouds
279,Pemba,MZ,-12.974,40.5178,73.83,74,38,13.18,scattered clouds
280,Kenora,CA,49.8167,-94.4337,75.78,56,75,10.0,light intensity shower rain
281,Nchelenge,ZM,-9.3451,28.734,59.11,58,0,8.68,clear sky
282,Evensk,RU,61.95,159.2333,50.04,95,100,10.04,light rain
283,Birjand,IR,32.8663,59.2211,70.27,24,70,6.91,broken clouds
284,Cap Malheureux,MU,-19.9842,57.6142,69.48,62,74,3.0,broken clouds
285,Safford,US,32.834,-109.7076,99.52,15,0,12.66,clear sky
286,Mogadishu,SO,2.0371,45.3438,75.49,85,65,17.81,moderate rain
287,Santa Maria,BR,-29.6842,-53.8069,74.5,46,0,14.97,clear sky
288,Hit,IQ,33.6416,42.8251,87.94,18,0,9.78,clear sky
289,Luzhou,CN,28.8724,105.4405,85.03,69,0,1.01,clear sky
290,Gushikawa,JP,26.3544,127.8686,86.0,82,40,6.91,scattered clouds
291,Calbuco,CL,-41.768,-73.1273,40.21,88,100,10.6,light rain
292,Yuzhne,UA,46.6221,31.1013,73.49,56,6,5.14,clear sky
293,Moron,AR,-34.6534,-58.6198,57.96,99,100,2.3,light rain
294,Tura,IN,25.5198,90.2201,78.87,83,10,3.2,clear sky
295,Tecoanapa,MX,16.5167,-98.75,82.15,72,100,3.51,overcast clouds
296,Talnakh,RU,69.4865,88.3972,52.21,86,96,12.48,overcast clouds
297,Broome,US,42.2506,-75.833,70.65,82,2,1.01,clear sky
298,Talakan,RU,50.3167,130.3667,71.47,98,100,8.23,moderate rain
299,Rocha,UY,-34.4833,-54.3333,61.0,97,100,14.56,overcast clouds
300,Mahebourg,MU,-20.4081,57.7,70.09,60,75,11.5,broken clouds
301,Aykhal,RU,66.0,111.5,59.07,57,15,12.28,few clouds
302,Jiexiu,CN,37.0244,111.9125,85.12,32,0,3.58,clear sky
303,Nanortalik,GL,60.1432,-45.2371,44.58,93,100,10.11,light rain
304,Honiara,SB,-9.4333,159.95,86.59,65,99,10.07,overcast clouds
305,Tezu,IN,27.9167,96.1667,81.95,89,59,0.4,broken clouds
306,Altamont,US,42.2068,-121.7372,79.79,32,100,4.61,overcast clouds
307,Macklin,CA,52.3334,-109.9348,66.54,67,95,7.27,overcast clouds
308,San Jose,US,37.3394,-121.895,78.67,57,20,17.27,few clouds
309,San Antonio,US,29.4241,-98.4936,99.12,39,40,13.8,scattered clouds
310,Terme,TR,41.2092,36.9739,62.53,86,0,5.37,clear sky
311,Belousovka,KZ,50.1339,82.5239,58.05,82,40,2.24,scattered clouds
312,Nizhniy Kuranakh,RU,58.8353,125.4869,70.79,84,100,8.12,overcast clouds
313,Shaki,AZ,41.0833,47.1667,64.72,60,4,5.79,clear sky
314,Ridgecrest,US,35.6225,-117.6709,98.46,11,0,16.11,clear sky
315,Tukrah,LY,32.5341,20.5791,78.17,83,0,6.24,clear sky
316,Puerto Colombia,CO,10.9878,-74.9547,80.69,83,23,12.95,few clouds
317,Vermilion,US,40.1667,-87.7506,83.52,72,0,9.22,clear sky
318,Naruto,JP,34.1833,134.6167,80.26,73,100,5.26,overcast clouds
319,Eureka,US,40.8021,-124.1637,70.66,79,42,5.99,scattered clouds
320,Santa Cruz De Tenerife,ES,28.4682,-16.2546,71.58,87,100,25.32,overcast clouds
321,Wuwei,CN,37.9281,102.6414,80.04,24,5,14.72,clear sky
322,Okhotsk,RU,59.3833,143.3,63.09,80,40,11.48,scattered clouds
323,Airai,TL,-8.9266,125.4092,61.77,64,100,2.59,overcast clouds
324,Durazno,UY,-33.4131,-56.5006,62.15,95,100,13.2,overcast clouds
325,Jaru,BR,-10.4389,-62.4664,74.32,52,0,1.16,clear sky
326,Zyryanka,RU,65.75,150.85,62.08,61,100,9.4,overcast clouds
327,Thompson,CA,55.7435,-97.8558,69.96,40,100,9.22,overcast clouds
328,Kontagora,NG,10.3999,5.4695,74.55,80,100,3.04,overcast clouds
329,Saint-Francois,FR,46.4154,3.9054,51.67,93,0,2.3,clear sky
330,Axim,GH,4.8699,-2.2405,75.31,90,79,8.12,light rain
331,Pathein,MM,16.7833,94.7333,81.54,84,95,3.94,overcast clouds
332,Vadso,NO,70.0744,29.7487,54.48,87,20,10.36,few clouds
333,Nyimba,ZM,-14.5566,30.8149,58.14,74,1,3.8,clear sky
334,Le Port,RE,-20.9373,55.2919,69.26,58,43,3.96,scattered clouds
335,Cabedelo,BR,-6.9811,-34.8339,75.87,87,53,12.66,light rain
336,Luino,IT,46.0019,8.7451,73.49,74,40,1.14,scattered clouds
337,Jaque,PA,7.5175,-78.1703,78.8,87,100,1.97,overcast clouds
338,Yar-Sale,RU,66.8333,70.8333,56.43,74,100,5.73,overcast clouds
339,Kamenka,RU,51.3223,42.7678,58.71,65,1,6.15,clear sky
340,Kismayo,SO,-0.3582,42.5454,76.01,80,100,20.33,overcast clouds
341,Faya,SA,18.3851,42.4509,66.72,28,99,1.79,overcast clouds
342,Pisco,PE,-13.7,-76.2167,62.65,77,2,12.66,haze
343,Laguna,US,38.421,-121.4238,85.32,49,0,13.8,clear sky
344,Vigrestad,NO,58.5667,5.7,55.96,89,100,25.84,overcast clouds
345,Myitkyina,MM,25.3833,97.4,79.5,94,98,1.57,overcast clouds
346,Tyshkivka,UA,48.4967,30.9423,64.67,80,90,13.44,overcast clouds
347,Altay,CN,47.8667,88.1167,65.39,46,0,1.66,clear sky
348,Pincher Creek,CA,49.4833,-113.952,63.05,77,100,5.75,overcast clouds
349,Listvyanka,RU,51.8535,104.8693,52.65,97,100,9.31,overcast clouds
350,Santiago Del Estero,AR,-27.7951,-64.2615,63.07,80,2,6.87,clear sky
351,Hambantota,LK,6.1241,81.1185,82.74,74,20,9.22,few clouds
352,Naze,JP,28.3667,129.4833,80.55,80,100,7.52,moderate rain
353,Mandvi,IN,22.8333,69.3667,83.34,84,54,8.97,broken clouds
354,Srednekolymsk,RU,67.45,153.6833,59.02,44,98,12.57,overcast clouds
355,Kavieng,PG,-2.5744,150.7967,83.16,73,98,9.42,light rain
356,Biak,ID,-0.9131,122.8766,77.52,80,100,3.85,overcast clouds
357,Dinghai,CN,26.2847,119.7936,81.52,86,6,10.16,clear sky
358,Qaqortoq,GL,60.7167,-46.0333,44.8,93,100,3.53,light rain
359,Hokitika,NZ,-42.7167,170.9667,51.85,62,100,5.73,overcast clouds
360,Motygino,RU,58.1831,94.7592,59.47,98,100,3.22,light rain
361,Luwuk,ID,-0.9516,122.7875,79.3,80,100,3.22,overcast clouds
362,Emba,KZ,48.8264,58.1442,58.59,78,100,5.46,overcast clouds
363,Mineros,BO,-17.1167,-63.2333,78.15,50,4,7.27,clear sky
364,Kushiro,JP,42.975,144.3747,61.75,94,75,4.61,broken clouds
365,Fare,PF,-16.7,-151.0167,79.12,67,0,8.05,clear sky
366,Bairiki,KI,1.3292,172.9752,86.0,70,75,13.8,broken clouds
367,Talaya,RU,61.3833,152.75,88.0,36,1,11.39,clear sky
368,Jalu,LY,29.0331,21.5482,81.41,38,0,8.32,clear sky
369,Mitu,CO,1.1983,-70.1733,73.8,89,96,1.97,overcast clouds
370,Talcahuano,CL,-36.7167,-73.1167,46.08,87,20,4.61,few clouds
371,Tazovskiy,RU,67.4667,78.7,50.97,74,97,7.45,overcast clouds
372,Palmer,US,42.1584,-72.3287,75.61,66,20,4.61,few clouds
373,San Cristobal,VE,7.7669,-72.225,73.58,95,33,2.95,scattered clouds
374,Bilma,NE,18.6853,12.9164,88.74,14,0,12.12,clear sky
375,Pangkalanbuun,ID,-2.6833,111.6167,81.27,77,25,2.28,scattered clouds
376,Mildura,AU,-34.2,142.15,52.07,79,0,15.37,clear sky
377,Tautira,PF,-17.7333,-149.15,77.43,77,2,11.5,moderate rain
378,Nizhniy Tsasuchey,RU,50.5167,115.1333,72.34,43,96,10.8,overcast clouds
379,Vestmannaeyjar,IS,63.4427,-20.2734,52.65,97,100,22.77,overcast clouds
380,Port Elizabeth,ZA,-33.918,25.5701,52.09,93,0,1.14,clear sky
381,Fort Nelson,CA,58.8053,-122.7002,78.39,38,75,5.75,broken clouds
382,Puerto Leguizamo,CO,-0.1934,-74.7819,70.99,98,99,1.05,overcast clouds
383,Misratah,LY,32.3754,15.0925,80.56,73,0,4.16,clear sky
384,Suar,IN,29.0333,79.05,86.99,64,100,9.8,overcast clouds
385,Casper,US,42.8666,-106.3131,81.19,28,0,21.85,clear sky
386,Trincomalee,LK,8.5711,81.2335,80.94,77,100,15.68,overcast clouds
387,Peniche,PT,39.3558,-9.3811,65.28,93,0,6.96,clear sky
388,Umm Lajj,SA,25.0213,37.2685,84.52,44,81,5.41,broken clouds
389,Shenjiamen,CN,29.9576,122.298,80.76,86,57,21.61,broken clouds
390,Kurud,IN,20.8322,81.7214,77.68,84,100,4.63,overcast clouds
391,Chokurdakh,RU,70.6333,147.9167,61.86,35,89,13.62,overcast clouds
392,Poronaysk,RU,49.2167,143.1167,62.15,87,54,8.19,broken clouds
393,Amurzet,RU,47.6967,131.0981,73.4,93,100,0.45,light rain
394,Los Llanos De Aridane,ES,28.6585,-17.9182,65.95,66,100,17.27,overcast clouds
395,Kudahuvadhoo,MV,2.6708,72.8944,81.75,79,100,4.36,light rain
396,Lamak,PH,10.3997,124.7389,85.01,68,29,3.27,scattered clouds
397,Kasempa,ZM,-13.4584,25.8338,50.76,63,0,5.06,clear sky
398,Codajas,BR,-3.8367,-62.0569,75.36,83,15,2.13,few clouds
399,Zelenogorskiy,RU,55.0333,87.0,56.73,99,100,3.36,light rain
400,Leh,IN,34.1667,77.5833,62.78,61,60,5.82,broken clouds
401,Nuuk,GL,64.1835,-51.7216,47.88,81,100,5.01,overcast clouds
402,Newport,GB,51.5877,-2.9984,64.45,82,53,9.08,broken clouds
403,Steinfurt,DE,52.1505,7.3366,63.84,84,100,14.56,overcast clouds
404,Cejkovice,CZ,48.9059,16.9423,61.25,74,87,2.86,overcast clouds
405,Hay River,CA,60.8156,-115.7999,71.58,43,75,6.91,broken clouds
406,Christchurch,NZ,-43.5333,172.6333,48.9,77,100,3.44,overcast clouds
407,Waupun,US,43.6333,-88.7296,74.86,90,42,6.62,scattered clouds
408,Provideniya,RU,64.3833,-173.3,50.11,87,100,11.18,fog
409,Yulara,AU,-25.2406,130.9889,52.02,26,0,11.43,clear sky
410,Longyearbyen,SJ,78.2186,15.6401,39.04,70,20,14.97,few clouds
411,Khani,GE,41.9563,42.9566,69.37,62,0,7.25,clear sky
412,Nadadores,MX,27.05,-101.6,101.25,26,90,16.6,overcast clouds
413,Najran,SA,17.4924,44.1277,83.05,24,100,6.82,overcast clouds
414,Chapais,CA,49.7834,-74.8492,60.58,60,13,2.24,few clouds
415,Morondava,MG,-20.2833,44.2833,65.62,77,0,8.46,clear sky
416,Kuopio,FI,62.8924,27.677,55.35,88,0,5.75,clear sky
417,Zhaotong,CN,27.3167,103.7167,69.71,66,0,1.88,clear sky
418,Korla,CN,41.7597,86.1469,81.18,14,7,14.41,clear sky
419,Salamanca,ES,40.8333,-6.0,63.0,61,0,11.54,clear sky
420,Kollegal,IN,12.15,77.1167,70.14,90,100,9.64,overcast clouds
421,Tacuarembo,UY,-31.7333,-55.9833,65.71,79,100,16.49,overcast clouds
422,Aquiraz,BR,-3.9014,-38.3911,78.19,83,96,16.04,overcast clouds
423,Shirokiy,RU,49.758,129.523,73.27,93,100,10.56,overcast clouds
424,Plettenberg Bay,ZA,-34.0527,23.3716,56.53,56,0,4.18,clear sky
425,Itarema,BR,-2.9248,-39.9167,78.1,79,8,13.69,clear sky
426,Ondjiva,AO,-17.0667,15.7333,56.3,44,0,7.58,clear sky
427,Lasa,IT,46.6166,10.7002,63.48,90,90,3.8,overcast clouds
428,Bathsheba,BB,13.2167,-59.5167,81.05,89,10,18.23,clear sky
429,Manthani,IN,18.65,79.6667,78.87,86,100,10.63,overcast clouds
430,Raudeberg,NO,61.9875,5.1352,50.67,80,100,13.02,overcast clouds
431,Ajdabiya,LY,30.7554,20.2263,78.15,73,0,8.81,clear sky
432,Japura,ID,-0.3167,102.35,79.34,82,25,2.28,scattered clouds
433,Yushan,CN,31.3776,120.9543,91.29,62,60,4.94,broken clouds
434,Metro,ID,-5.1131,105.3067,78.44,83,6,2.95,clear sky
435,Chumikan,RU,54.7183,135.315,73.06,68,27,8.08,scattered clouds
436,Maceio,BR,-9.6658,-35.7353,72.84,94,75,5.75,broken clouds
437,Ostrovnoy,RU,68.0531,39.5131,57.69,74,6,8.68,clear sky
438,Foxton,NZ,-40.4667,175.3,57.92,59,100,4.52,overcast clouds
439,Fortuna,US,40.5982,-124.1573,63.99,81,75,4.0,broken clouds
440,Pierre,US,44.3683,-100.351,83.86,63,0,8.05,clear sky
441,Novoilinsk,RU,51.6829,108.7143,71.67,39,31,6.46,scattered clouds
442,Poum,NC,-20.2333,164.0167,77.36,87,87,22.79,overcast clouds
443,Abha,SA,18.2164,42.5053,66.45,32,100,0.0,overcast clouds
444,Safaga,EG,26.7292,33.9365,86.04,30,0,15.17,clear sky
445,Ongandjera,NA,-17.8833,15.0667,59.05,38,0,6.93,clear sky
446,Bam,IR,29.106,58.357,85.01,19,94,10.65,overcast clouds
447,Muswellbrook,AU,-32.2667,150.9,60.33,94,100,2.21,overcast clouds
448,Najibabad,IN,29.6333,78.3333,81.9,79,100,8.32,overcast clouds
449,Alta Floresta,BR,-9.8756,-56.0861,71.24,49,12,1.79,few clouds
450,Lakes Entrance,AU,-37.8811,147.981,51.33,71,86,12.77,overcast clouds
451,Lotofaga,WS,-13.9764,-171.8578,87.58,78,28,20.42,light rain
452,Wellington,NZ,-41.2866,174.7756,53.26,89,100,4.61,overcast clouds
453,College,US,64.8569,-147.8028,83.08,42,75,3.44,smoke
454,Valdivia,CL,-39.8142,-73.2459,42.89,91,52,4.43,broken clouds
455,Gucheng,CN,35.9115,111.3192,86.97,44,0,3.0,clear sky
456,Alvaraes,BR,-3.2208,-64.8042,77.43,79,95,1.16,overcast clouds
457,Saravena,CO,6.9538,-71.8752,71.94,97,55,2.46,broken clouds
458,Gimli,CA,50.6336,-96.9907,66.22,88,0,11.5,clear sky
459,Soe,ID,-9.8607,124.284,67.55,64,99,4.92,overcast clouds
460,Kushnarenkovo,RU,55.105,55.3508,54.77,97,18,5.46,few clouds
461,Haljala,EE,59.4336,26.2614,50.5,93,0,5.75,clear sky
462,Manicore,BR,-5.8092,-61.3003,76.95,94,0,1.14,clear sky
463,Cayenne,GF,4.9333,-52.3333,81.09,5,40,5.01,scattered clouds
464,Marienburg,PL,54.0359,19.0266,58.87,88,76,8.52,broken clouds
465,Auki,SB,-8.7676,160.7034,84.09,68,92,4.65,overcast clouds
466,Krasnozerskoye,RU,53.9828,79.2374,60.06,87,97,7.76,overcast clouds
467,Pauini,BR,-7.7136,-66.9764,74.75,84,5,1.72,clear sky
468,Xacmaz,AZ,41.4635,48.806,63.93,64,0,4.23,clear sky
469,Beian,NO,63.6559,9.5683,52.02,87,75,23.02,broken clouds
470,Faranah,GN,10.0404,-10.7434,69.96,98,100,5.44,overcast clouds
471,Morehead,US,37.2711,-87.1764,87.55,72,0,0.0,clear sky
472,Soldotna,US,60.4878,-151.0583,63.95,76,75,9.22,broken clouds
473,Mitsamiouli,KM,-11.3847,43.2844,74.84,69,0,6.08,clear sky
474,Aden,YE,12.7794,45.0367,85.05,77,43,7.74,scattered clouds
475,Mundo Nuevo,MX,18.7,-95.5,81.84,78,100,11.86,overcast clouds
476,Port Hardy,CA,50.6996,-127.4199,60.98,82,75,6.91,light intensity shower rain
477,Carutapera,BR,-1.195,-46.02,73.76,93,12,5.21,few clouds
478,Sungaipenuh,ID,-2.0833,101.3833,70.36,79,12,0.56,few clouds
479,Zholymbet,KZ,51.7433,71.7122,58.77,75,100,11.07,overcast clouds
480,Gomel,BY,52.4345,30.9754,64.38,82,75,13.42,light rain
481,Coahuayana,MX,18.7333,-103.6833,81.79,81,100,2.8,overcast clouds
482,Vereya,RU,55.3447,36.1719,63.41,97,100,5.57,overcast clouds
483,Karasburg,NA,-28.0167,18.75,51.75,24,0,4.34,clear sky
484,Portland,US,45.5234,-122.6762,76.01,66,75,8.05,broken clouds
485,Akureyri,IS,65.6835,-18.0878,55.33,76,0,8.05,light rain
486,Brae,GB,60.3964,-1.353,50.2,85,100,19.42,overcast clouds
487,Manjacaze,MZ,-24.7117,33.8828,57.56,88,0,1.03,clear sky
488,Yazd,IR,31.8972,54.3675,78.91,22,1,9.22,clear sky
489,Aviles,ES,43.5547,-5.9248,63.93,94,75,3.44,broken clouds
490,Andra,RU,62.5147,65.8878,63.05,77,17,1.57,few clouds
491,Isangel,VU,-19.55,169.2667,80.56,75,100,8.59,overcast clouds
492,Kedrovyy,RU,56.1667,91.8167,57.87,98,100,4.36,light rain
493,Fatick,SN,14.3581,-16.5858,80.15,79,3,13.47,clear sky
494,Berlevag,NO,70.8578,29.0864,51.8,76,100,11.5,overcast clouds
495,Beringovskiy,RU,63.05,179.3167,48.61,79,57,6.02,broken clouds
496,Ayr,GB,55.4627,-4.6339,57.31,82,75,14.97,broken clouds
497,Lazaro Cardenas,MX,17.9583,-102.2,82.06,77,68,5.08,broken clouds
498,Byron Bay,AU,-28.65,153.6167,68.94,74,94,8.21,overcast clouds
499,Tuatapere,NZ,-46.1333,167.6833,46.36,72,100,4.5,overcast clouds
500,Sangar,RU,63.9242,127.4739,55.83,99,100,2.33,moderate rain
501,Pong,TH,19.1493,100.2752,75.67,99,100,1.86,overcast clouds
502,Newala,TZ,-10.9431,39.2787,60.06,90,50,3.85,scattered clouds
503,Dhanera,IN,24.5167,72.0167,83.25,77,98,8.75,light rain
504,Dhidhdhoo,MV,6.8833,73.1,81.7,82,100,16.42,overcast clouds
505,Port Macquarie,AU,-31.4333,152.9167,64.89,84,100,17.05,light rain
506,Port Lincoln,AU,-34.7333,135.8667,55.81,66,100,11.88,overcast clouds
507,Naryan-Mar,RU,67.6713,53.087,62.92,84,8,12.17,clear sky
508,Oxford,GB,51.7522,-1.256,63.88,80,74,12.53,broken clouds
509,Xai-Xai,MZ,-25.0519,33.6442,61.99,85,0,0.85,clear sky
510,Mbala,ZM,-8.8402,31.3659,52.52,70,3,9.69,clear sky
511,Portel,BR,-1.9356,-50.8211,76.73,79,31,3.29,scattered clouds
512,Murmashi,RU,68.8154,32.8115,52.21,100,0,2.24,clear sky
513,Bambous Virieux,MU,-20.3428,57.7575,70.05,60,75,11.5,broken clouds
514,Ust-Maya,RU,60.4167,134.5333,91.31,39,100,8.88,overcast clouds
515,Georgiyevka,KZ,43.0369,74.7114,66.24,68,40,2.24,scattered clouds
516,Horta,PT,38.5333,-28.6333,65.64,81,100,12.57,overcast clouds
517,Laukaa,RU,58.7372,29.8453,56.57,98,100,1.23,overcast clouds
518,Luba,GQ,3.4568,8.5547,76.89,89,99,5.55,light rain
519,Chicama,PE,-7.8447,-79.1469,59.54,84,16,5.68,few clouds
520,Champerico,GT,14.3,-91.9167,75.74,82,97,5.03,overcast clouds
521,Clearwater,US,27.9659,-82.8001,85.93,80,75,9.22,broken clouds
522,Hope,US,33.6671,-93.5916,98.65,48,16,6.85,few clouds
523,Elko,US,41.0002,-115.5012,91.42,15,100,10.0,overcast clouds
524,Garden City,US,42.3256,-83.331,76.39,72,75,1.01,broken clouds
525,Pizarro,CO,4.9533,-77.366,77.49,90,100,4.68,light rain
526,Espanola,US,35.9911,-106.0806,86.52,36,54,1.39,broken clouds
527,Sunland Park,US,31.7965,-106.58,97.25,25,0,6.91,clear sky
528,Batouri,CM,4.4333,14.3667,66.94,98,60,2.33,broken clouds
529,Muisne,EC,0.6,-80.0333,73.78,85,100,8.05,overcast clouds
530,Turmalina,BR,-17.2856,-42.73,62.74,65,85,3.02,overcast clouds
531,Antalaha,MG,-14.9003,50.2788,66.83,89,61,8.23,light rain
532,Olinda,BR,-8.0089,-34.8553,78.53,78,20,11.5,few clouds
533,Pecos,US,31.4229,-103.4932,97.63,21,0,4.61,clear sky
534,Dongsheng,CN,39.8161,109.9776,78.84,29,0,18.01,clear sky
535,Buala,SB,-8.145,159.5921,82.08,80,94,11.41,light rain
536,Xining,CN,36.6167,101.7667,70.0,35,4,2.15,clear sky
537,Camacha,PT,33.0833,-16.3333,65.62,68,75,9.22,broken clouds
538,Syracuse,IT,37.0881,15.2792,80.31,66,0,6.38,clear sky
539,Ballina,AU,-28.8667,153.5667,69.01,74,100,12.03,overcast clouds
540,Burla,IN,21.5,83.8667,79.27,87,100,3.67,overcast clouds
541,Santa Rosa,PH,14.3122,121.1114,84.11,84,100,2.08,moderate rain
542,Dire Dawa,ET,9.5931,41.8661,69.35,69,33,11.86,light rain
543,Hutchinson,US,38.0608,-97.9298,93.72,31,94,12.5,overcast clouds
544,Gornopravdinsk,RU,60.05,69.9,58.35,68,100,2.71,overcast clouds
545,Tateyama,JP,34.9833,139.8667,80.1,81,100,10.18,overcast clouds
546,Belyy Yar,RU,53.6039,91.3903,62.49,82,40,11.18,light rain
547,High Rock,BS,26.6208,-78.2833,82.42,71,92,11.39,overcast clouds
548,Chas,IN,23.6333,86.1667,81.61,80,100,6.78,overcast clouds
549,Kirakira,SB,-10.4544,161.9205,83.05,76,95,11.3,light rain
550,Bundaberg,AU,-24.85,152.35,65.21,71,0,5.01,clear sky
551,Hirara,JP,24.8,125.2833,84.47,80,44,16.06,scattered clouds
552,Cibitoke,BI,-2.8833,29.25,58.28,82,15,3.71,few clouds
553,Sao Miguel Do Araguaia,BR,-13.275,-50.1628,71.44,38,0,3.78,clear sky
554,Iquique,CL,-20.2208,-70.1431,59.04,77,15,5.59,few clouds
555,Shakiso,ET,5.75,38.9167,58.23,95,100,1.07,light rain
556,Nanpara,IN,27.8667,81.5,87.8,60,49,11.54,scattered clouds
557,Paamiut,GL,61.994,-49.6678,42.04,93,100,5.84,overcast clouds
558,Oktyabrskiy,RU,54.4815,53.471,58.55,95,6,3.96,clear sky
559,Fairbanks,US,64.8378,-147.7164,83.08,43,75,3.44,smoke
560,Exu,BR,-7.5119,-39.7242,68.32,95,91,7.74,overcast clouds
561,Conakry,GN,9.538,-13.6773,78.94,83,100,5.68,light rain
562,Ferkessedougou,CI,9.6,-5.2,73.56,91,100,4.03,overcast clouds
563,Alugan,PH,12.2188,125.4808,82.6,74,100,1.16,moderate rain
564,Porto Nacional,BR,-10.7081,-48.4172,75.2,42,0,1.7,clear sky
565,Praia,CV,14.9215,-23.5087,75.74,78,20,14.97,few clouds
566,Huarmey,PE,-10.0681,-78.1522,62.28,84,67,8.03,broken clouds
567,Murzzuschlag,AT,47.6,15.6833,57.88,83,47,3.18,scattered clouds
568,Rio Grande,BR,-32.035,-52.0986,60.91,99,100,8.32,overcast clouds
569,Gamba,GA,-2.65,10.0,70.36,88,100,5.21,overcast clouds
570,Lucea,JM,18.451,-78.1736,84.06,78,6,10.0,clear sky
571,Sao Borja,BR,-28.6606,-56.0044,68.95,69,100,8.25,overcast clouds
572,Hobyo,SO,5.3505,48.5268,76.6,77,76,24.79,broken clouds
573,Belaya Gora,RU,68.5333,146.4167,58.46,52,100,13.96,overcast clouds
574,Bayir,TR,37.2687,28.2167,64.92,57,0,5.41,clear sky
575,San Ramon,US,37.7799,-121.978,76.53,63,0,17.27,clear sky
576,Sistranda,NO,63.7256,8.834,49.96,83,100,25.37,overcast clouds
577,Usinsk,RU,65.9939,57.5281,65.75,79,24,9.24,light rain
578,Songjianghe,CN,42.1859,127.479,68.52,98,100,4.21,moderate rain
579,Puerto Del Rosario,ES,28.5004,-13.8627,69.55,78,100,13.8,overcast clouds
580,Ziro,IN,27.6333,93.8333,61.54,93,74,0.58,broken clouds
581,Kichera,RU,55.9375,110.0997,63.82,60,100,3.13,overcast clouds
582,Visby,SE,57.6409,18.296,62.82,59,12,10.36,few clouds
583,Stephenville,US,32.2207,-98.2023,99.39,27,40,10.36,scattered clouds
584,Chemal,RU,51.4111,86.005,61.27,69,100,4.85,overcast clouds
585,Rovaniemi,FI,66.5,25.7167,53.01,87,0,5.75,clear sky
586,Nordfjordeid,NO,61.9063,5.9915,52.48,71,100,12.66,overcast clouds
587,Lamar,US,33.6668,-95.5836,96.98,37,34,6.91,scattered clouds
588,Beloha,MG,-25.1667,45.05,62.74,74,0,2.21,clear sky
589,Malakal,SS,9.5334,31.6605,77.97,65,100,3.62,overcast clouds
590,Rumoi,JP,43.9344,141.6428,76.15,75,30,1.45,scattered clouds
591,Namibe,AO,-15.1961,12.1522,65.5,83,0,3.83,clear sky
592,Aguada De Pasajeros,CU,22.385,-80.8508,77.59,85,19,4.43,few clouds
593,Meulaboh,ID,4.1363,96.1285,78.98,80,64,2.24,broken clouds
594,Taltal,CL,-25.4,-70.4833,59.27,64,7,5.44,clear sky
595,Setermoen,NO,68.861,18.3486,52.43,81,63,4.0,broken clouds
596,Alamos,MX,27.0167,-108.9333,87.98,55,66,7.36,broken clouds
597,Daru,PG,-9.0763,143.2092,79.97,89,71,13.67,broken clouds
598,Manakara,MG,-22.1333,48.0167,63.12,87,51,3.71,broken clouds
599,Brownfield,US,33.1812,-102.2744,91.69,27,37,11.18,scattered clouds
600,Tommot,RU,58.9564,126.2925,76.71,70,100,11.92,overcast clouds
601,Colquechaca,BO,-18.6667,-66.0167,35.69,30,18,2.64,few clouds
602,Westport,US,41.1415,-73.3579,79.18,77,10,1.01,clear sky
603,Quatre Cocos,MU,-20.2078,57.7625,69.91,66,100,16.87,overcast clouds
604,Minden,DE,52.2833,8.9167,59.34,88,75,10.36,light rain
605,Farmington,US,36.7281,-108.2187,88.77,21,0,4.0,clear sky
606,Jaciara,BR,-15.9653,-54.9683,68.13,42,1,3.04,clear sky
607,Hillsborough,US,37.5741,-122.3794,76.44,68,40,14.97,scattered clouds
608,Sunbury,AU,-37.5833,144.7333,52.92,78,20,13.8,few clouds
609,Uige,AO,-7.6087,15.0613,60.75,54,33,2.26,scattered clouds
610,Cache Creek,CA,50.8101,-121.3246,80.91,37,99,9.1,overcast clouds
611,Matagami,CA,49.7502,-77.6328,66.31,42,75,5.75,broken clouds
612,Bergen,NO,60.392,5.328,55.08,87,20,17.27,few clouds
613,Kushmurun,KZ,52.4503,64.6311,55.69,82,45,7.23,scattered clouds
614,Deloraine,AU,-41.5333,146.6667,47.19,15,56,3.0,broken clouds
615,Rincon,US,32.296,-81.2354,85.96,77,46,1.01,scattered clouds
616,Alice Springs,AU,-23.7,133.8833,51.35,35,0,0.0,clear sky
617,Labytnangi,RU,66.6572,66.4183,58.17,83,60,1.7,broken clouds
618,Yeppoon,AU,-23.1333,150.7333,60.58,57,0,8.81,clear sky
619,Benjamin Hill,MX,30.1667,-111.1,93.69,21,0,7.49,clear sky
620,Alofi,NU,-19.0595,-169.9187,78.69,57,75,18.41,broken clouds
621,Buraydah,SA,26.326,43.975,82.85,17,6,9.19,clear sky
622,Agudos,BR,-22.4692,-48.9875,73.65,59,0,0.0,clear sky
623,Yumen,CN,40.2833,97.2,71.31,27,0,10.92,clear sky
624,Puerto Escondido,MX,15.85,-97.0667,83.23,69,40,3.44,scattered clouds
625,Svetlogorsk,BY,52.6333,29.7333,57.2,88,100,10.2,overcast clouds
626,Florianopolis,BR,-27.6146,-48.5012,65.43,85,0,11.5,clear sky
627,Kandalaksha,RU,67.162,32.4123,56.68,66,99,7.7,overcast clouds
628,Wodonga,AU,-36.1167,146.8833,44.96,100,0,3.06,clear sky
629,Bambanglipuro,ID,-7.95,110.2833,79.09,78,19,7.63,few clouds
630,Roebourne,AU,-20.7833,117.1333,63.23,22,5,16.98,clear sky
631,Coroico,BO,-16.1889,-67.7271,61.7,84,94,1.97,overcast clouds
632,Zeya,RU,53.75,127.2667,67.71,96,100,9.46,light rain
633,Arica,CL,-18.475,-70.3042,61.03,72,100,4.61,overcast clouds
634,Kapuskasing,CA,49.4169,-82.4331,69.8,40,20,3.44,few clouds
635,Acapulco,MX,16.8634,-99.8901,81.84,80,100,3.62,overcast clouds
636,Chernyshevskiy,RU,63.0128,112.4714,67.44,43,59,7.2,broken clouds
637,Ust-Ordynskiy,RU,52.805,104.7508,67.24,59,51,8.23,broken clouds
638,Qingdao,CN,36.0986,120.3719,74.8,94,100,15.66,overcast clouds
639,Harper,LR,4.375,-7.7169,75.69,83,75,8.39,broken clouds
640,Asau,RO,46.4333,26.4,59.92,97,100,3.94,overcast clouds
641,Aksarka,RU,66.5606,67.7975,60.15,77,16,4.54,few clouds
642,Condado,CU,21.8767,-79.8403,78.12,86,8,5.97,clear sky
643,Kati,ML,12.7441,-8.0726,80.01,74,28,2.91,scattered clouds
644,Blagoveshchenka,RU,52.8333,79.8667,60.26,78,56,6.89,broken clouds
645,Yerbogachen,RU,61.2767,108.0108,66.63,52,0,6.93,clear sky
646,Salalah,OM,17.0151,54.0924,78.3,95,100,11.3,light rain
647,Blythe,US,33.6103,-114.5964,104.04,14,0,12.21,clear sky
648,Teguldet,RU,57.3064,88.1667,60.62,94,90,2.04,overcast clouds
649,San Francisco,US,37.7749,-122.4194,76.1,75,40,17.0,scattered clouds
650,Gorontalo,ID,0.5412,123.0595,82.44,73,100,2.48,overcast clouds
651,Ulladulla,AU,-35.35,150.4667,58.3,73,78,11.54,broken clouds
652,Tual,ID,-5.6667,132.75,78.58,79,100,16.84,overcast clouds
653,Sao Gabriel Da Cachoeira,BR,-0.1303,-67.0892,77.9,77,98,2.17,overcast clouds
654,Jalingo,NG,8.8833,11.3667,74.55,86,100,3.2,overcast clouds
655,Tongliao,CN,43.6125,122.2653,78.31,64,5,8.1,clear sky
656,Rehoboth,NA,-23.3167,17.0833,51.39,39,0,2.57,clear sky
657,Yumbel,CL,-37.0833,-72.5667,40.71,94,79,4.45,broken clouds
658,Kathmandu,NP,27.7167,85.3167,73.62,94,75,2.3,broken clouds
659,Ostersund,SE,63.1792,14.6357,48.65,76,75,19.57,broken clouds
660,Oskarshamn,SE,57.2645,16.4484,46.98,77,92,7.02,overcast clouds
